City,Cloudiness,Country,Date,Humidity,Lat,Lng,Max Temp,Wind Speed
Cabo San Lucas,5,MX,1583117643,56,22.89,-109.91,295.15,6.7
Hermanus,0,ZA,1583117707,90,-34.42,19.23,292.59,6.55
Japura,4,ID,1583117707,60,-0.32,102.35,303.89,1.61
Narsaq,0,GL,1583117707,49,60.92,-46.05,256.15,1.0
Fare,100,PF,1583117707,76,-16.7,-151.02,301.39,9.91
New Norfolk,40,AU,1583117707,38,-42.78,147.06,289.82,5.1
Flin Flon,61,CA,1583117707,95,54.77,-101.86,254.22,2.27
Atuona,13,PF,1583117707,76,-9.8,-139.03,301.14,7.81
Viedma,0,AR,1583117707,51,-40.81,-63.0,297.61,6.74
Bluff,1,NZ,1583117708,27,-46.6,168.33,298.07,1.2
Torbay,90,CA,1583117708,100,47.67,-52.73,272.04,11.3
Buctzotz,0,MX,1583117708,65,21.2,-88.78,294.75,3.84
Upernavik,0,GL,1583117708,89,72.79,-56.15,240.17,2.28
Rikitea,100,PF,1583117708,80,-23.12,-134.97,300.03,6.52
Salalah,40,OM,1583117708,69,17.02,54.09,297.15,2.1
Port Hardy,90,CA,1583117588,100,50.7,-127.42,276.15,3.1
Port Pirie,75,AU,1583117708,68,-33.18,138.02,293.15,7.7
Nicolás R Casillas,5,MX,1583117708,33,20.53,-103.47,295.15,7.2
Ushuaia,1,AR,1583117709,57,-54.8,-68.3,284.15,6.2
Dikson,100,RU,1583117709,89,73.51,80.55,263.18,10.94
Sadon,79,RU,1583117709,91,42.85,44.0,269.3,0.3
Tasiilaq,100,GL,1583117709,85,65.61,-37.64,268.15,1.0
São João da Barra,100,BR,1583117709,86,-21.64,-41.05,295.7,5.45
Albany,1,US,1583117583,62,42.6,-73.97,270.37,1.5
Talnakh,75,RU,1583117709,92,69.49,88.4,267.15,13.0
Broome,90,US,1583117709,68,42.25,-75.83,274.26,1.5
Ishigaki,75,JP,1583117709,73,24.34,124.16,294.15,6.2
Esperance,90,AU,1583117709,55,-33.87,121.9,291.15,6.2
Timmins,75,CA,1583117709,68,48.47,-81.33,270.15,6.2
Tiznit Province,0,MA,1583117709,75,29.58,-9.5,285.76,0.77
Aykhal,0,RU,1583117710,84,66.0,111.5,255.15,2.0
Jamestown,40,US,1583117652,50,42.1,-79.24,279.82,5.7
Barrow,1,US,1583117710,74,71.29,-156.79,241.15,3.1
Hilo,75,US,1583117710,83,19.73,-155.09,294.15,2.6
Ribeira Grande,71,PT,1583117710,94,38.52,-28.7,288.69,6.72
Caucayá,78,CO,1583117710,96,-0.19,-74.78,296.11,0.82
Punta Arenas,75,CL,1583117561,62,-53.15,-70.92,285.15,5.1
Port Elizabeth,98,ZA,1583117710,93,-33.92,25.57,290.15,2.1
Coihueco,0,CL,1583117710,72,-36.62,-71.83,290.15,3.6
Poya,100,NC,1583117710,83,-21.35,165.15,299.79,3.74
Brae,32,GB,1583117710,86,60.4,-1.35,278.15,7.7
Arraial do Cabo,100,BR,1583117711,81,-22.97,-42.03,296.6,3.89
Cidreira,0,BR,1583117711,78,-30.18,-50.21,296.08,9.77
Kruisfontein,99,ZA,1583117711,95,-34.0,24.73,290.37,2.1
Mataura,0,NZ,1583117711,51,-46.19,168.86,296.26,0.18
Chui,0,UY,1583117711,89,-33.7,-53.46,293.0,5.08
Portland,90,US,1583117676,62,45.52,-122.68,281.48,0.4
Qui Nhon,93,VN,1583117711,69,13.77,109.23,300.34,1.26
Taltal,0,CL,1583117711,85,-25.4,-70.48,289.62,0.56
Orcopampa,100,PE,1583117711,92,-15.27,-72.34,276.16,1.06
Petropavlovsk-Kamchatskiy,60,RU,1583117711,58,53.05,158.65,272.15,1.0
Faanui,100,PF,1583117711,74,-16.48,-151.75,301.75,10.28
Lebu,47,CL,1583117711,99,-37.62,-73.65,284.98,0.88
Qaanaaq,0,GL,1583117711,52,77.48,-69.36,243.18,3.46
Makkah al Mukarramah,0,SA,1583117712,29,21.43,39.83,293.37,1.98
Abu Samrah,0,SY,1583117712,89,35.3,37.18,281.39,4.87
Nyurba,79,RU,1583117712,92,63.28,118.33,254.72,1.13
Guerrero Negro,99,MX,1583117712,74,27.98,-114.06,288.05,5.95
Merritt Island,1,US,1583117634,81,28.54,-80.67,289.26,1.5
Leningradskiy,100,RU,1583117712,81,69.38,178.42,256.73,5.85
Tiksi,37,RU,1583117712,89,71.69,128.87,253.26,6.67
Port Lincoln,59,AU,1583117712,58,-34.73,135.87,290.4,8.32
Longyearbyen,75,SJ,1583117712,71,78.22,15.64,257.15,3.6
Bellevue,90,US,1583117423,65,47.61,-122.2,280.93,0.88
College,90,US,1583117712,84,64.86,-147.8,261.48,3.1
Cape Town,0,ZA,1583117956,93,-33.93,18.42,289.82,2.1
Panabá,0,MX,1583117712,67,21.28,-88.27,294.51,5.99
Havelock,1,US,1583117713,74,34.88,-76.9,281.15,1.5
Busselton,100,AU,1583117713,24,-33.65,115.33,298.15,7.25
Bredasdorp,38,ZA,1583117713,88,-34.53,20.04,292.59,1.5
Belyy Yar,0,RU,1583117713,85,53.6,91.39,263.15,1.0
Eldorado,0,BR,1583117713,70,-23.79,-54.28,292.49,1.12
Rawson,0,AR,1583117713,69,-43.3,-65.1,293.34,2.98
Traralgon,54,AU,1583117713,55,-38.18,146.53,293.15,2.68
East London,1,ZA,1583117713,83,-33.02,27.91,294.48,5.73
Katsuura,75,JP,1583117713,100,35.13,140.3,282.04,5.1
Gayny,99,RU,1583117713,93,60.31,54.32,266.25,3.09
Muborak,0,UZ,1583117713,55,39.26,65.15,285.9,3.64
Pevek,100,RU,1583117713,94,69.7,170.31,254.72,3.99
Ilulissat,89,GL,1583117714,42,69.22,-51.1,247.15,1.5
Los Llanos de Aridane,20,ES,1583117714,72,28.66,-17.92,292.15,2.6
Abnūb,0,EG,1583117714,76,27.27,31.15,282.15,3.6
Meulaboh,100,ID,1583117714,79,4.14,96.13,301.44,3.35
Chokurdakh,89,RU,1583117714,90,70.63,147.92,255.15,6.07
Carnarvon,0,AU,1583117714,70,-24.87,113.63,304.15,4.1
Hwange,100,ZW,1583117714,77,-18.37,26.5,292.06,3.2
Fallon,75,US,1583117714,44,39.47,-118.78,277.15,4.6
Río Gallegos,75,AR,1583117437,59,-51.62,-69.22,291.15,4.6
Praia da Vitória,40,PT,1583117714,88,38.73,-27.07,290.15,8.06
Palmerston,20,AU,1583117715,62,-12.49,130.98,306.48,5.1
San Patricio,5,MX,1583117715,73,19.22,-104.7,298.15,4.1
Berlevåg,100,NO,1583117715,59,70.86,29.09,270.19,3.51
Nikolskoye,75,RU,1583117715,86,59.7,30.79,276.48,3.0
Luganville,75,VU,1583117715,74,-15.53,167.17,304.15,3.6
Saint Paul Harbor,90,US,1583117715,74,57.79,-152.41,276.15,3.1
Hobart,40,AU,1583117715,38,-42.88,147.33,289.82,5.1
Kapaa,75,US,1583117501,69,22.08,-159.32,301.15,11.3
Oistins,20,BB,1583117715,69,13.07,-59.53,298.15,7.2
Bethel,1,US,1583117715,63,41.37,-73.41,274.26,1.5
Lagunas,97,PE,1583117715,97,-5.23,-75.68,295.91,1.05
Saint-Philippe,20,RE,1583117716,78,-21.36,55.77,299.15,1.0
Ambikāpur,48,IN,1583117716,39,23.12,83.2,296.89,2.79
Liverpool,0,GB,1583117716,100,53.41,-2.98,275.15,1.0
Itoman,20,JP,1583117716,64,26.12,127.67,296.15,5.7
Yellowknife,90,CA,1583117716,76,62.46,-114.35,253.15,6.7
Talas,0,TR,1583117716,86,38.69,35.55,270.15,2.1
Darhan,65,MN,1583117716,71,49.49,105.92,260.44,0.76
Prince George,90,CA,1583117716,86,53.92,-122.75,271.15,10.3
Saskylakh,100,RU,1583117716,67,71.92,114.08,262.34,11.9
‘Ewa Beach,75,US,1583117716,60,21.32,-158.01,299.15,8.7
Lagoa,33,PT,1583117717,88,39.05,-27.98,290.27,8.76
Masvingo,80,ZW,1583117717,95,-20.06,30.83,286.46,1.82
Codrington,0,AU,1583117717,63,-38.27,141.97,286.67,7.14
Ponta do Sol,20,PT,1583117717,77,32.67,-17.1,290.15,3.1
Port Alfred,56,ZA,1583117644,91,-33.59,26.89,289.82,2.17
Khatanga,100,RU,1583117717,83,71.97,102.5,266.09,7.4
Salinópolis,100,BR,1583117717,81,-0.61,-47.36,300.49,5.61
La Ronge,5,CA,1583117717,71,55.1,-105.28,260.15,3.1
Antofagasta,90,CL,1583117650,77,-23.65,-70.4,293.15,4.6
High Level,90,CA,1583117717,78,58.52,-117.14,261.15,2.6
Balikpapan,40,ID,1583117676,70,-1.27,116.83,305.15,4.6
Algiers,67,DZ,1583117475,87,36.75,3.04,281.15,2.1
Ulladulla,40,AU,1583117718,14,-35.35,150.47,308.15,7.7
Mar del Plata,0,AR,1583117677,88,-38.0,-57.56,297.04,5.1
Touros,75,BR,1583117718,94,-5.2,-35.46,298.15,1.0
Māngrol,0,IN,1583117718,61,21.12,70.12,296.9,4.87
Areia Branca,100,BR,1583117718,82,-4.96,-37.14,299.48,4.2
Dicabisagan,1,PH,1583117718,66,17.08,122.42,299.17,2.3
Las Cruces,1,US,1583117709,34,32.31,-106.78,289.82,3.2
Butaritari,100,KI,1583117718,78,3.07,172.79,301.6,9.85
Tura,0,IN,1583117718,36,25.52,90.22,300.9,0.52
São Filipe,99,CV,1583117718,64,14.9,-24.5,295.29,11.37
Yumen,0,CN,1583117719,26,40.28,97.2,277.25,3.64
Dingzhou,100,CN,1583117719,55,38.51,115.0,277.15,1.0
Sakaraha,58,MG,1583117719,84,-22.9,44.53,291.32,1.95
Cherskiy,99,RU,1583117719,88,68.75,161.3,255.98,2.36
Kargopol',95,RU,1583117719,88,61.51,38.95,274.06,5.16
Tuktoyaktuk,75,CA,1583117719,75,69.45,-133.04,244.15,3.6
Tignère,59,CM,1583117719,26,7.37,12.65,293.9,0.99
Arica,5,CL,1583117629,73,-18.48,-70.3,295.15,2.1
Hasaki,75,JP,1583117719,93,35.73,140.83,280.15,8.2
Aligoodarz,1,IR,1583117719,82,33.4,49.69,272.28,1.64
Avarua,45,CK,1583117719,83,-21.21,-159.78,302.15,1.5
Rosário do Sul,0,BR,1583117719,54,-30.26,-54.91,294.11,5.37
Sittwe,0,MM,1583117720,59,20.15,92.9,295.14,2.67
Kabare,100,CD,1583117720,98,-2.47,28.82,288.92,1.23
Waitati,30,NZ,1583117720,74,-45.75,170.57,292.04,8.05
Rome,40,US,1583117551,63,43.21,-75.46,274.26,2.6
Hithadhoo,76,MV,1583117720,73,-0.6,73.08,301.55,4.16
Castro,66,BR,1583117720,92,-24.79,-50.01,287.61,3.63
Sartell,90,US,1583117691,74,45.62,-94.21,275.15,7.2
Severo-Kuril'sk,98,RU,1583117720,96,50.68,156.12,270.67,0.52
Yeppoon,40,AU,1583117720,49,-23.13,150.73,305.15,2.1
Hirara,75,JP,1583117446,68,24.8,125.28,294.15,6.7
Mahébourg,75,MU,1583117720,94,-20.41,57.7,299.15,1.29
Hong Kong,40,HK,1583117628,73,22.29,114.16,296.48,9.8
Mouila,100,GA,1583117720,97,-1.87,11.06,296.14,0.35
San Cristobal,40,VE,1583117721,65,7.77,-72.22,301.15,2.1
Babati,100,TZ,1583117721,96,-4.22,35.75,291.97,1.07
Yakima,1,US,1583117458,39,46.47,-120.67,282.15,3.1
Erzurum Province,75,TR,1583117516,92,40.0,41.5,267.15,1.0
Lompoc,40,US,1583117721,81,34.64,-120.46,284.15,3.47
Mujiayingzi,4,CN,1583117721,27,42.12,118.78,272.06,5.07
Hambantota,100,LK,1583117721,94,6.12,81.12,299.15,1.5
Roebourne,5,AU,1583117721,40,-20.78,117.13,309.76,4.52
Dunedin,30,NZ,1583117721,74,-45.87,170.5,292.04,8.05
Grand-Lahou,25,CI,1583117721,86,5.14,-5.02,301.5,5.99
Puerto Escondido,20,MX,1583117721,74,15.85,-97.07,300.15,3.1
Vaini,20,TO,1583117722,74,-21.2,-175.2,302.15,4.6
Idrinskoye,0,RU,1583117722,87,54.37,92.14,261.91,1.11
Kingaroy,4,AU,1583117722,42,-26.53,151.83,307.04,1.5
Wattegama,35,LK,1583117722,94,6.8,81.48,299.15,1.5
Sobolevo,100,RU,1583117722,97,54.43,31.9,275.34,6.16
Aklavik,75,CA,1583117722,67,68.22,-135.01,243.15,1.5
Malanje,99,AO,1583117646,93,-9.54,16.34,290.32,1.46
Kahului,40,US,1583117722,78,20.89,-156.47,297.15,9.8
Puerto Ayora,0,EC,1583117722,100,-0.74,-90.35,300.37,3.58
Eura,90,FI,1583117722,97,61.13,22.13,276.48,1.0
Nhulunbuy,75,AU,1583117722,62,-12.23,136.77,305.15,5.7
Korla,0,CN,1583117722,82,41.76,86.15,283.15,0.45
Helong,100,CN,1583117722,76,42.54,129.0,269.58,1.39
Constitución,67,CL,1583117723,94,-35.33,-72.42,285.22,1.26
Qaqortoq,0,GL,1583117723,49,60.72,-46.03,256.15,1.0
Nelson Bay,1,AU,1583117723,25,-32.72,152.15,309.82,9.3
Bonavista,100,CA,1583117723,95,48.65,-53.11,271.15,10.81
Mapiripán,64,CO,1583117723,72,2.89,-72.13,299.68,1.29
Tuatapere,36,NZ,1583117723,24,-46.13,167.68,296.99,2.81
Michigan City,1,US,1583117723,100,41.71,-86.89,284.15,4.1
Thessalon,40,CA,1583117723,80,46.25,-83.57,274.15,3.1
Maningrida,70,AU,1583117723,77,-12.07,134.27,302.4,5.15
Comodoro Rivadavia,0,AR,1583117723,67,-45.87,-67.5,290.15,6.58
Ati,0,TD,1583117724,13,13.22,18.34,298.67,5.37
Mehamn,94,NO,1583117724,81,71.04,27.85,265.2,4.83
Mabaruma,100,GY,1583117724,95,8.2,-59.78,293.42,0.8
Ugoofaaru,18,MV,1583117724,70,5.67,73.0,300.89,3.61
Fairbanks,90,US,1583117479,84,64.84,-147.72,261.48,3.1
Alta Floresta,100,BR,1583117724,94,-9.88,-56.09,296.27,0.72
Zhuhai,40,CN,1583117724,88,22.28,113.57,296.48,7.7
Uglich,100,RU,1583117724,96,57.53,38.33,275.19,4.07
Twentynine Palms,20,US,1583117592,37,34.14,-116.05,289.15,9.3
Makakilo City,75,US,1583117724,60,21.35,-158.09,299.15,8.7
Portsmouth,73,GB,1583117724,100,50.8,-1.09,280.37,3.6
Soverato Marina,40,IT,1583117725,82,38.69,16.55,288.15,4.1
Airai,94,TL,1583117725,64,-8.93,125.41,300.24,2.05
Tahe,100,CN,1583117725,79,52.33,124.73,265.93,1.36
Libertador General San Martín,45,AR,1583117725,80,-23.81,-64.79,295.93,2.68
Nālūt,0,LY,1583117725,26,30.33,10.85,287.76,4.64
Thompson,90,CA,1583117572,78,55.74,-97.86,261.15,4.6
Ostrovnoy,100,RU,1583117725,83,68.05,39.51,261.78,2.4
Tateyama,75,JP,1583117725,100,34.98,139.87,281.15,5.1
Provideniya,0,RU,1583117725,60,64.38,-173.3,260.15,2.0
Lavrentiya,0,RU,1583117725,80,65.58,-171.0,251.78,2.71
Lagoa Vermelha,0,BR,1583117725,89,-28.21,-51.53,288.1,4.51
Rach Gia,75,VN,1583117726,78,10.02,105.08,301.15,4.1
Huarmey,100,PE,1583117726,77,-10.07,-78.15,295.34,1.01
Maxixe,97,MZ,1583117726,68,-23.86,35.35,296.66,3.59
Coyhaique,0,CL,1583117726,72,-45.58,-72.07,288.15,1.5
Labuhan,15,ID,1583117726,75,-6.88,112.21,302.72,2.95
Yamada,100,JP,1583117726,76,39.47,141.95,278.01,1.48
Hofn,100,IS,1583117726,68,64.25,-15.21,276.3,17.07
Fortuna,1,US,1583117726,70,40.6,-124.16,283.15,6.2
Nakasongola,67,UG,1583117726,81,1.31,32.46,293.75,2.19
Fukuechō,20,JP,1583117726,58,32.69,128.84,285.15,6.7
Natal,75,BR,1583117726,100,-5.79,-35.21,298.15,1.0
Marystown,100,CA,1583117727,93,47.17,-55.15,270.38,11.19
Yangi Marg`ilon,90,UZ,1583117727,80,40.43,71.72,278.15,2.1
Ancud,0,CL,1583117727,82,-41.87,-73.82,286.15,3.6
Otradnoye,75,RU,1583117727,86,59.78,30.82,276.48,3.0
Mount Gambier,90,AU,1583117727,63,-37.83,140.77,290.15,7.7
Vic,20,ES,1583117727,66,41.93,2.25,289.26,5.7
Daru,100,PG,1583117727,73,-9.08,143.21,304.06,1.63
Yar-Sale,99,RU,1583117727,93,66.83,70.83,265.01,6.74
Saldanha,0,ZA,1583117727,88,-33.01,17.94,290.15,5.7
Oranjemund,54,NA,1583117727,87,-28.55,16.43,292.14,2.99
Tabuk,3,PH,1583117727,64,17.42,121.44,300.17,1.99
Kavaratti,40,IN,1583117728,78,10.57,72.64,301.15,2.1
Cockburn Town,99,TC,1583117728,74,21.46,-71.14,296.2,10.16
Clyde River,1,CA,1583117728,65,70.47,-68.59,236.15,1.0
Chernyshevskiy,12,RU,1583117728,92,63.01,112.47,255.56,0.79
Sande,20,DE,1583117728,86,53.5,8.01,277.59,3.1
George Town,20,MY,1583117728,70,5.41,100.34,303.15,4.1
Darnah,79,LY,1583117703,58,32.77,22.64,288.95,0.9
Srandakan,0,ID,1583117728,66,-7.94,110.25,303.33,1.31
Det Udom,94,TH,1583117728,58,14.91,105.08,302.15,2.6
Goribidnūr,40,IN,1583117728,94,13.61,77.52,294.15,2.1
Chumikan,34,RU,1583117728,76,54.72,135.31,266.33,0.84
Ponta Delgada,75,PT,1583117728,93,37.73,-25.67,290.15,7.7
Corrales,75,US,1583117728,49,35.24,-106.61,285.15,2.1
Maniitsoq,0,GL,1583117729,68,65.42,-52.9,254.47,1.92
Yerbogachën,15,RU,1583117729,90,61.28,108.01,256.49,1.53
Aktash,6,RU,1583117729,66,50.3,87.73,265.88,3.04
Mannārakkāt,40,IN,1583117729,78,10.98,76.47,299.15,1.5
Sāmba,0,IN,1583117729,59,32.57,75.12,289.97,0.74
Dingle,70,PH,1583117729,66,11.0,122.67,301.28,5.8
Teguise,3,ES,1583117729,88,29.06,-13.56,291.15,4.6
Banff,100,CA,1583117729,94,51.18,-115.57,260.42,3.69
Buala,37,SB,1583117729,65,-8.14,159.59,303.62,2.19
Ürümqi,99,CN,1583117660,92,43.8,87.6,271.15,2.0
Saint George,67,US,1583117575,42,37.1,-113.58,287.15,9.3
The Valley,20,AI,1583117730,78,18.22,-63.06,298.15,2.1
Uvarovo,94,RU,1583117730,81,51.98,42.26,272.86,5.08
Miraflores,90,MX,1583117730,37,19.22,-98.81,295.15,3.1
Lincoln,1,US,1583117562,69,40.8,-96.67,280.15,4.6
Muisne,99,EC,1583117730,93,0.6,-80.03,297.73,1.52
Goiás,51,BR,1583117730,95,-15.58,-49.64,294.1,0.39
Geraldton,100,AU,1583117730,40,-28.77,114.6,304.15,10.3
Marabba,1,SD,1583117730,15,12.35,32.18,293.4,4.37
Norman Wells,75,CA,1583117730,70,65.28,-126.83,255.15,2.6
Bilibino,83,RU,1583117730,96,68.05,166.44,252.3,1.26
Jalu,0,LY,1583117730,45,29.03,21.55,287.51,2.87
Bambous Virieux,75,MU,1583117730,94,-20.34,57.76,299.15,2.92
Rabaul,0,PG,1583117731,70,-4.2,152.17,302.57,2.1
Boca do Acre,100,BR,1583117731,98,-8.75,-67.4,293.87,0.66
Lorengau,23,PG,1583117731,74,-2.02,147.27,302.24,2.49
Tanakpur,0,IN,1583117731,56,29.08,80.12,292.62,1.45
Lázaro Cárdenas,6,MX,1583117731,76,17.96,-102.2,296.79,0.73
Komarichi,91,RU,1583117731,79,52.42,34.79,274.87,7.46
Khedbrahma,0,IN,1583117731,33,24.03,73.05,295.11,1.56
Aitape,33,PG,1583117731,68,-3.14,142.35,302.46,3.16
Wanning,45,CN,1583117731,75,18.8,110.4,298.33,2.92
Sørland,40,NO,1583117731,64,67.67,12.69,273.13,14.06
Shitkino,0,RU,1583117731,91,56.37,98.35,260.69,2.1
Sharlyk,1,RU,1583117732,97,52.92,54.75,262.55,0.87
Waynesville,1,US,1583117732,45,35.49,-82.99,282.15,3.1
Saint-François,100,FR,1583117732,87,46.42,3.91,279.26,1.0
Malbork,33,PL,1583117732,100,54.04,19.03,278.71,1.5
Olafsvik,100,IS,1583117732,65,64.89,-23.71,274.3,8.48
Nicoya,20,CR,1583117732,58,10.15,-85.45,301.15,8.2
Antalaha,100,MG,1583117732,79,-14.9,50.28,299.79,6.84
Port Blair,27,IN,1583117732,69,11.67,92.75,300.39,4.13
Manama,5,BH,1583117732,88,26.22,50.58,292.15,2.6
Ambilobe,82,MG,1583117732,90,-13.2,49.05,296.65,2.88
Mumford,17,GH,1583117732,90,5.26,-0.76,298.92,1.59
Madang,93,PG,1583117732,72,-5.22,145.8,301.35,3.86
Quelimane,100,MZ,1583117733,86,-17.88,36.89,296.27,2.96
Mossamedes,27,AO,1583117733,79,-15.2,12.15,296.58,8.38
Kampene,100,CD,1583117733,99,-3.6,26.67,292.48,0.76
Shimoda,75,JP,1583117733,100,34.67,138.95,283.71,9.3
Khovd,0,MN,1583117733,59,48.01,91.64,265.93,1.12
Kieta,2,PG,1583117733,69,-6.22,155.63,302.42,3.43
Sladkovo,100,RU,1583117733,94,55.53,70.34,270.63,4.53
Mezen',100,RU,1583117733,86,65.85,44.24,263.08,4.26
Bukachacha,100,RU,1583117733,79,52.98,116.92,262.8,2.18
Bengkulu,0,ID,1583117522,54,-3.8,102.27,304.8,0.25
Klaksvík,100,FO,1583117733,74,62.23,-6.59,275.15,8.2
Semey,98,KZ,1583117733,79,50.41,80.23,270.15,6.0
Sabang,35,ID,1583117734,74,5.89,95.32,301.1,6.87
Mana,85,GF,1583117734,92,5.66,-53.78,295.52,1.13
Cuencamé de Ceniceros,88,MX,1583117734,21,24.87,-103.7,294.91,3.59
Vila Franca do Campo,75,PT,1583117734,93,37.72,-25.43,290.15,7.7
Kenai,75,US,1583117734,92,60.55,-151.26,272.04,4.31
Nandu,100,CN,1583117734,73,22.85,110.82,301.48,3.01
Banjar,0,ID,1583117734,73,-8.19,114.97,301.37,1.78
Pallasovka,0,RU,1583117734,62,50.05,46.88,274.02,2.67
Pisco,90,PE,1583117734,83,-13.7,-76.22,297.15,5.7
Kamaishi,75,JP,1583117734,69,39.27,141.88,277.15,2.6
Buraidah,0,SA,1583117734,61,26.33,43.98,283.15,2.6
Susa,0,IR,1583117734,73,32.19,48.24,284.53,0.52
Zhezkazgan,90,KZ,1583117735,100,47.8,67.71,267.15,2.0
Wukari,3,NG,1583117735,70,7.85,9.78,299.44,2.63
Atbasar,100,KZ,1583117735,94,51.8,68.33,268.63,3.96
Mahenge,100,TZ,1583117735,96,-8.68,36.72,294.43,1.22
Aswān,0,EG,1583117735,38,24.09,32.91,284.37,5.13
Guymon,1,US,1583117735,55,36.68,-101.48,287.15,5.7
Sinazongwe,76,ZM,1583117735,74,-17.26,27.46,294.04,3.56
Storsteinnes,99,NO,1583117735,84,69.24,19.23,268.15,3.1
Grindavik,75,IS,1583117735,69,63.84,-22.43,275.15,13.4
Conde,90,BR,1583117735,94,-7.26,-34.91,299.15,2.1
Megion,75,RU,1583117735,86,61.03,76.11,272.15,3.0
Santa Isabel Rio Negro,85,BR,1583117736,98,-0.41,-65.02,296.86,1.69
Omboué,100,GA,1583117736,98,-1.57,9.26,297.29,1.52
Mata,100,PT,1583117736,96,40.68,-7.46,285.37,8.94
Homer,90,US,1583117736,82,59.64,-151.55,275.15,2.6
Sakakah,0,SA,1583117736,66,29.97,40.21,282.15,2.6
Matadi,100,CD,1583117736,93,-5.82,13.45,295.73,0.78
Presidente Médici,99,BR,1583117736,97,-11.18,-61.9,295.64,1.2
Bose,3,IT,1583117736,69,45.46,8.01,278.15,0.5
Matara,100,LK,1583117565,67,5.95,80.54,300.49,2.31
São Miguel do Araguaia,97,BR,1583117736,92,-13.28,-50.16,296.19,1.22
Muros,75,ES,1583117736,93,42.78,-9.06,287.04,5.7
Kiryat Gat,75,IL,1583117737,82,31.61,34.76,286.15,3.1
Grand Gaube,75,MU,1583117703,94,-20.01,57.66,299.15,3.31
Khani,75,GE,1583117737,100,41.96,42.96,279.15,1.5
Shiyan,100,CN,1583117737,65,32.65,110.78,281.11,2.25
Cairns,83,AU,1583117560,55,-16.92,145.77,307.04,2.6
Marabu,75,MY,1583117737,79,4.41,114.01,303.15,3.6
Srednekolymsk,52,RU,1583117737,82,67.45,153.68,256.45,3.35
Emba,0,KZ,1583117737,87,48.83,58.14,264.31,4.85
Lucapa,100,AO,1583117737,89,-8.42,20.74,291.45,1.23
Tezu,100,IN,1583117737,36,27.92,96.17,293.8,1.32
Vestmannaeyjar,100,IS,1583117737,73,63.44,-20.27,276.84,20.74
Vrangel',100,RU,1583117738,66,42.73,133.08,271.72,5.02
Bonga,74,ET,1583117738,63,7.28,36.23,287.82,0.94
Half Moon Bay,1,US,1583117738,71,37.46,-122.43,288.15,1.5
Saint Anthony,90,US,1583117718,64,45.02,-93.22,276.15,4.6
Nome,1,US,1583117738,65,64.5,-165.41,260.15,2.1
Turaif,4,SA,1583117738,100,31.67,38.66,278.15,2.1
Betioky,0,MG,1583117738,84,-23.72,44.38,292.24,2.41
Burns Lake,87,CA,1583117738,86,54.23,-125.75,270.1,3.66
Vila Velha,75,BR,1583117688,100,-20.33,-40.29,296.15,3.1
Tal'menka,100,RU,1583117738,85,53.82,83.57,268.15,4.0
Jaora,0,IN,1583117738,35,23.63,75.13,293.92,2.01
Sorrento,58,IT,1583117738,81,40.63,14.37,287.04,2.6
Elwood,75,AU,1583117739,45,-37.88,144.98,292.59,8.7
Pizarro,100,CO,1583117739,82,4.95,-77.37,300.21,3.67
Aulla,34,IT,1583117739,83,44.21,9.97,284.82,3.18
Ambovombe,44,MG,1583117739,92,-25.17,46.08,292.62,3.58
Menongue,29,AO,1583117739,68,-14.66,17.69,286.71,1.99
Sur,0,OM,1583117739,63,22.57,59.53,292.77,3.89
Puerto Lempira,49,HN,1583117739,80,15.27,-83.77,298.93,8.84
Paamiut,10,GL,1583117739,61,61.99,-49.67,252.21,4.42
Alofi,7,NU,1583117739,74,-19.06,-169.92,302.15,4.6
Camacha,40,PT,1583117739,88,33.08,-16.33,291.15,5.7
Harihar,98,IN,1583117739,67,14.52,75.8,296.56,1.46
Moerai,100,PF,1583117739,82,-22.43,-151.33,299.8,7.42
Nanortalik,0,GL,1583117740,58,60.14,-45.24,265.1,20.13
Mission,1,US,1583117484,68,26.22,-98.33,296.48,6.2
Viişoara,90,RO,1583117740,65,46.55,23.92,280.37,4.1
St. Marys,1,US,1583117740,71,30.73,-81.55,287.15,2.6
Bilma,2,NE,1583117740,15,18.69,12.92,293.9,4.67
Floresta,87,BR,1583117740,60,-8.6,-38.57,299.49,6.34
Milos,23,GR,1583117740,93,36.75,24.43,284.15,3.1
Sikonge,100,TZ,1583117740,94,-5.63,32.77,291.6,1.38
Safaga,0,EG,1583117740,50,26.73,33.94,287.15,4.6
Wuda,0,CN,1583117740,29,39.5,106.71,274.7,13.03
Bubaque,0,GW,1583117740,66,11.28,-15.83,300.65,1.76
Myski,63,RU,1583117694,89,53.71,87.8,267.92,1.83
Bermeo,75,ES,1583117741,93,43.42,-2.72,285.93,2.1
Nagorsk,100,RU,1583117741,95,59.32,50.81,269.84,5.34
Banda Aceh,35,ID,1583117741,58,5.56,95.32,302.89,3.3
Morgan City,75,US,1583117741,88,29.7,-91.21,291.15,5.7
Himatnagar,0,IN,1583117540,55,23.6,72.95,292.15,3.24
Swift Current,1,CA,1583117708,85,50.28,-107.8,266.15,4.6
Gazojak,0,TM,1583117741,70,41.19,61.4,281.02,4.77
Skjervøy,100,NO,1583117741,71,70.03,20.97,270.2,6.22
Maţāy,0,EG,1583117659,82,28.42,30.78,283.0,3.52
Norheimsund,75,NO,1583117741,93,60.37,6.15,278.15,9.8
North Bay,75,CA,1583117659,79,46.32,-79.47,271.48,5.7
Ballina,0,AU,1583117741,70,-28.87,153.57,305.37,4.6
Walvis Bay,0,NA,1583117742,87,-22.96,14.51,292.38,1.53
Mitsamiouli,100,KM,1583117742,73,-11.38,43.28,301.78,1.11
Guilin,90,CN,1583117742,72,25.28,110.29,288.15,3.0
Amahai,47,ID,1583117742,71,-3.33,128.92,302.71,1.93
Soure,98,BR,1583117742,94,-0.72,-48.52,297.6,1.47
Inírida,37,CO,1583117742,87,3.87,-67.92,297.15,0.26
Haines Junction,100,CA,1583117742,91,60.75,-137.51,266.18,4.62
Arroio Grande,0,BR,1583117524,92,-32.24,-53.09,290.37,2.41
Havre-St-Pierre,1,CA,1583117742,92,50.23,-63.6,261.15,2.1
Irbeyskoye,0,RU,1583117742,89,55.64,95.45,260.72,2.05
Dehlorān,0,IR,1583117447,78,32.69,47.27,283.77,0.6
Nyazepetrovsk,88,RU,1583117742,96,56.05,59.6,263.95,2.45
Naze,75,JP,1583117743,77,28.37,129.48,292.15,8.2
Gouré,20,NE,1583117743,16,13.98,10.27,298.15,3.13
Pauini,100,BR,1583117743,96,-7.71,-66.98,295.08,0.54
Tual,23,ID,1583117743,68,-5.67,132.75,302.99,1.23
Fuerte Olimpo,31,PY,1583117743,69,-21.04,-57.87,297.26,2.6
Bolpur,20,IN,1583117743,83,23.67,87.72,304.82,2.83
Avera,1,US,1583117743,70,33.19,-82.53,286.15,2.2
Kavieng,20,PG,1583117743,66,-2.57,150.8,302.78,1.15
Belém,90,BR,1583117724,94,-1.46,-48.5,298.15,3.1
La Palma,90,US,1583117743,66,33.85,-118.05,287.15,2.1
Toora-Khem,13,RU,1583117743,89,52.47,96.11,256.59,1.46
Nambucca Heads,0,AU,1583117744,59,-30.65,153.0,309.82,4.6
Beihai,13,CN,1583117744,82,21.48,109.1,295.45,5.06
Ossora,0,RU,1583117744,73,59.24,163.07,259.73,1.14
Ixtapa,5,MX,1583117744,83,20.7,-105.2,297.15,2.1
Ketchikan,90,US,1583117744,75,55.34,-131.65,280.15,8.2
Matamoros,75,MX,1583117619,14,25.53,-103.25,300.37,2.23
Nishihara,20,JP,1583117744,64,26.18,127.76,296.15,5.7
Muyezerskiy,100,RU,1583117745,97,63.93,31.65,268.89,1.39
Palmas,97,BR,1583117745,90,-10.21,-48.36,296.55,0.77
Pahrump,75,US,1583117745,75,36.21,-115.98,285.37,7.2
Mount Isa,40,AU,1583117745,41,-20.73,139.5,307.15,6.2
La Romana,40,DO,1583117745,94,18.43,-68.97,298.15,3.02
Marzuq,0,YE,1583117745,58,14.4,46.47,289.56,0.65
Chicama,75,PE,1583117745,88,-7.84,-79.15,295.15,5.1
Maromitsa,100,RU,1583117745,95,59.87,48.01,272.32,5.7
Zhangjiakou,0,CN,1583117745,25,40.81,114.88,271.69,6.79
Pochutla,20,MX,1583117745,74,15.74,-96.47,300.15,3.1
Louis Trichardt,100,ZA,1583117644,96,-23.04,29.9,286.8,0.89
Olavarría,0,AR,1583117661,31,-36.89,-60.32,297.38,4.05
Osmanabad,0,IN,1583117746,57,18.17,76.05,297.09,1.94
Krasnovishersk,100,RU,1583117746,95,60.41,57.08,265.11,3.98
Tilichiki,0,RU,1583117746,83,60.47,166.1,257.99,1.85
Marfino,90,RU,1583117746,97,55.7,37.38,277.04,4.0
Mishan,97,CN,1583117746,84,45.55,131.88,269.08,2.3
Bambanglipuro,0,ID,1583117746,66,-7.95,110.28,303.33,1.31
High Prairie,100,CA,1583117746,94,55.43,-116.49,272.85,10.06
Longaví,0,CL,1583117746,67,-35.97,-71.68,286.98,0.11
Sakaiminato,75,JP,1583117746,87,35.55,133.23,283.15,5.7
Tautira,75,PF,1583117746,94,-17.73,-149.15,297.15,4.6
Brezová pod Bradlom,100,SK,1583117746,87,48.66,17.54,280.93,7.2
Farmington,90,US,1583117747,69,36.73,-108.22,283.15,1.5
Aranos,50,NA,1583117747,85,-24.13,19.12,289.81,4.16
Cândido Mendes,100,BR,1583117747,90,-1.45,-45.72,297.79,1.21
Qasigiannguit,89,GL,1583117747,42,68.82,-51.19,247.15,1.5
Egvekinot,2,RU,1583117747,84,66.32,-179.17,251.45,0.37
Anori,85,BR,1583117747,97,-3.77,-61.64,296.71,1.0
Yantal',96,RU,1583117747,90,56.85,105.25,260.63,0.22
Mafinga,100,TZ,1583117747,95,-7.25,35.07,292.85,0.62
Rawlins,90,US,1583117747,85,41.79,-107.24,268.15,4.6
Port Hedland,0,AU,1583117747,63,-20.32,118.57,306.15,3.6
Dalbandin,0,PK,1583117747,37,28.89,64.41,288.84,1.89
Ampanihy,27,MG,1583117747,93,-24.7,44.75,291.32,4.98
Henties Bay,31,NA,1583117748,86,-22.12,14.28,292.15,1.87
Padang,89,ID,1583117748,62,-0.95,100.35,300.72,1.43
Yichang,100,CN,1583117748,80,30.71,111.28,279.77,5.29
Kalispell,75,US,1583117719,55,48.2,-114.31,274.26,4.6
Pilar,20,BR,1583117748,88,-9.6,-35.96,298.15,1.0
Kumul,0,CN,1583117748,35,42.8,93.45,277.24,0.82
Hamilton,75,US,1583117704,43,39.18,-84.53,287.15,3.6
Nioro,0,GM,1583117748,8,13.35,-15.75,295.92,2.24
Sitka,90,US,1583117748,80,57.05,-135.33,277.15,9.8
Shache,0,CN,1583117748,58,38.42,77.24,274.82,0.63
Saquarema,90,BR,1583117748,83,-22.92,-42.51,295.15,2.1
Manzhouli,100,CN,1583117645,91,49.6,117.43,258.9,1.67
Cayenne,75,GF,1583117749,78,4.93,-52.33,299.15,2.1
Virginia Beach,1,US,1583117684,64,36.85,-75.98,280.93,2.1
Departamento de Maldonado,0,UY,1583117486,83,-34.67,-54.92,294.26,4.6
Lüderitz,25,NA,1583117749,93,-26.65,15.16,292.15,0.5
Zhoucun,100,CN,1583117749,33,36.82,117.82,282.59,1.8
Mogadishu,34,SO,1583117749,82,2.04,45.34,299.62,7.16
Caravelas,36,BR,1583117749,79,-17.71,-39.25,300.36,4.57
Aasiaat,100,GL,1583117749,94,68.71,-52.87,247.2,4.06
Denpasar,9,ID,1583117745,58,-8.65,115.22,303.46,1.96
Porosozero,100,RU,1583117749,97,62.72,32.73,273.26,2.86
Quatre Cocos,75,MU,1583117749,94,-20.21,57.76,299.15,4.08
Te Anau,41,NZ,1583117749,59,-45.42,167.72,291.53,4.06
Alice Springs,90,AU,1583117750,61,-23.7,133.88,298.15,0.5
Kamyshla,40,RU,1583117750,95,54.12,52.14,267.12,4.12
Faya,0,SA,1583117750,66,18.39,42.45,285.15,1.62
Cham,27,CH,1583117750,86,47.18,8.46,277.04,3.69
San Borja,11,BO,1583117750,67,-14.82,-66.85,296.76,1.29
Namatanai,6,PG,1583117750,70,-3.67,152.43,302.76,1.78
Humaitá,100,BR,1583117750,98,-7.51,-63.02,296.39,0.61
Arrondissement de Saumur,75,FR,1583117750,93,47.33,-0.25,281.48,4.1
Yong’an,0,CN,1583117750,24,39.7,113.69,273.15,4.48
Mlonggo,40,ID,1583117750,79,-6.53,110.7,302.15,4.1
Bairiki Village,75,KI,1583117750,70,1.33,172.98,304.15,5.7
Laas,33,IT,1583117750,92,46.62,10.7,274.26,1.0
Thinadhoo,18,MV,1583117751,73,0.53,72.93,301.45,3.52
Kysyl-Syr,9,RU,1583117751,92,63.9,122.76,254.64,1.44
Jingdezhen,76,CN,1583117751,64,29.29,117.21,286.27,2.06
Pangnirtung,9,CA,1583117751,76,66.15,-65.71,241.24,0.56
Turbat,0,PK,1583117751,40,26.0,63.04,292.65,0.77
Soyo,100,AO,1583117751,88,-6.13,12.37,299.21,1.66
Mandalgovi,100,MN,1583117751,87,45.76,106.27,260.55,10.03
Noumea,100,NC,1583117678,78,-22.28,166.46,300.37,1.5
Xining,56,CN,1583117751,66,36.62,101.77,272.28,1.16
Taoudenni,0,ML,1583117751,10,22.68,-3.98,293.38,3.23
Lubao,40,PH,1583117751,54,14.92,120.55,303.15,2.1
Leh,0,IN,1583117752,66,34.17,77.58,256.71,1.11
Dawei,19,MM,1583117752,61,14.08,98.2,300.31,2.36
Kalmunai,68,LK,1583117752,69,7.42,81.82,300.31,3.33
Bodaybo,90,RU,1583117752,88,57.85,114.19,260.98,0.97
Tonantins,100,BR,1583117752,97,-2.87,-67.8,296.3,0.73
Pacific Grove,20,US,1583117752,76,36.62,-121.92,284.26,3.24
Waingapu,99,ID,1583117752,71,-9.66,120.26,302.06,2.89
Zhigansk,15,RU,1583117752,96,66.77,123.37,252.05,2.14
Forssa,100,FI,1583117752,95,60.81,23.62,276.48,0.45
Chapais,20,CA,1583117752,77,49.78,-74.85,257.15,3.1
Vao,100,NC,1583117753,82,-22.67,167.48,299.48,2.91
Praia,99,CV,1583117753,64,14.92,-23.51,296.15,7.7
Bhadrāchalam,85,IN,1583117753,65,17.67,80.88,298.49,2.29
Honningsvåg,93,NO,1583117753,77,70.98,25.97,270.52,6.12
Terrace,90,CA,1583117753,98,54.52,-128.6,274.82,10.3
Palmer,20,US,1583117753,53,42.16,-72.33,270.93,0.77
Lüshunkou,42,CN,1583117753,34,38.8,121.27,276.15,4.0
General Roca,0,AR,1583117753,21,-39.03,-67.58,306.15,3.6
Roswell,1,US,1583117753,54,34.02,-84.36,287.15,3.02
Bathsheba,20,BB,1583117753,69,13.22,-59.52,298.15,7.2
Coquimbo,75,CL,1583117753,88,-29.95,-71.34,290.15,1.5
Ordzhonīkīdze,0,KZ,1583117753,90,52.44,61.74,263.78,3.9
Timrå,90,SE,1583117754,92,62.49,17.33,269.26,2.1
Hobyo,7,SO,1583117754,85,5.35,48.53,296.06,4.12
Mbanza-Ngungu,95,CD,1583117754,98,-5.25,14.87,293.67,0.98
Llanes,100,ES,1583117754,84,43.42,-4.75,283.71,8.94
Gwadar,0,PK,1583117517,53,25.12,62.33,295.92,3.65
Byron Bay,0,AU,1583117834,70,-28.65,153.62,307.04,4.6
Russell,1,US,1583117754,43,32.35,-85.2,287.04,2.1
Port Macquarie,2,AU,1583117660,24,-31.43,152.92,310.93,5.1
Shingū,20,JP,1583117754,62,33.73,135.98,288.15,5.7
Hadsten,53,DK,1583117754,93,56.33,10.05,277.15,3.1
Talara,86,PE,1583117754,86,-4.58,-81.27,298.38,4.86
Santa Cruz de la Sierra,0,BO,1583117668,78,-17.8,-63.17,296.15,2.6
Lieksa,100,FI,1583117755,98,63.32,30.02,269.82,0.97
Hazorasp,0,UZ,1583117755,86,41.32,61.07,277.15,2.1
Eyl,67,SO,1583117755,78,7.98,49.82,297.92,6.54
Pemba,100,MZ,1583117755,84,-12.97,40.52,297.99,6.21
Raudeberg,100,NO,1583117755,69,61.99,5.14,277.15,3.6
Souillac,75,MU,1583117755,94,-20.52,57.52,299.15,1.29
Hvolsvollur,100,IS,1583117755,82,63.75,-20.22,273.15,6.26
Mandera,0,KE,1583117755,18,3.94,41.87,294.26,3.75
Lundazi,74,ZM,1583117755,95,-12.29,33.18,290.37,3.1
Celestún,0,MX,1583117755,71,20.87,-90.4,297.11,7.93
Kolda,0,SN,1583117755,20,12.88,-14.95,295.15,0.93
Golfito,26,CR,1583117756,91,8.64,-83.17,297.49,0.58
Ust-Nera,27,RU,1583117756,88,64.57,143.2,250.81,1.49
Ozernovskiy,0,RU,1583117756,75,51.5,156.52,270.24,1.7
Corbélia,3,BR,1583117525,56,-24.8,-53.31,294.15,6.2
Kaitangata,40,NZ,1583117756,88,-46.28,169.85,288.05,6.06
Luena,81,AO,1583117756,88,-11.78,19.92,289.08,1.42
Nortelândia,5,BR,1583117756,92,-14.45,-56.8,294.78,0.45
Oberwil,0,CH,1583117756,80,47.51,7.56,277.15,3.1
Necochea,4,AR,1583117756,80,-38.55,-58.74,297.59,5.36
Sinnamary,98,GF,1583117756,76,5.38,-52.95,299.61,5.85
Goderich,100,CA,1583117756,73,43.75,-81.72,278.15,4.92
Rehnān,20,IR,1583117756,48,32.68,51.6,278.15,3.1
Evensk,0,RU,1583117757,62,61.95,159.23,263.04,0.82
Jiwani,0,PK,1583117757,55,25.05,61.74,295.66,2.78
Germersheim,90,DE,1583117757,93,49.22,8.36,279.82,3.1
Ust'-Barguzin,13,RU,1583117757,85,53.45,108.98,262.6,0.77
Vardø,100,NO,1583117757,75,70.37,31.11,270.45,4.01
El Salvador,24,SV,1583117700,64,13.83,-88.92,300.15,3.1
Isangel,75,VU,1583117757,74,-19.55,169.27,303.15,2.1
Iquique,35,CL,1583117519,68,-20.22,-70.14,295.15,5.1
Mount Darwin,100,ZW,1583117757,95,-16.77,31.58,289.45,0.62
Verkhnyaya Inta,99,RU,1583117757,93,65.98,60.31,266.16,9.24
Leer,92,SS,1583117757,14,8.3,30.14,295.49,2.0
Upington,31,ZA,1583117899,93,-28.45,21.26,290.15,2.67
